{
  "model_name": "Perceptron",
  "display_name": "Perceptron",
  "model_config": {
    "max_iter": 1000,
    "tol": 0.001,
    "random_state": 42
  },
  "n_train": 14578,
  "n_test": 3645,
  "random_state": 42,
  "datasets": {
    "Baseline": {
      "accuracy": 0.549519890260631,
      "f1": 0.5726184279021344,
      "confusion_matrix": {
        "tn": 903,
        "fp": 795,
        "fn": 847,
        "tp": 1100
      },
      "fp_rate": 0.46819787985865724,
      "fn_rate": 0.4350282485875706
    },
    "Advanced": {
      "accuracy": 0.5434842249657065,
      "f1": 0.5666666666666667,
      "confusion_matrix": {
        "tn": 893,
        "fp": 805,
        "fn": 859,
        "tp": 1088
      },
      "fp_rate": 0.4740871613663133,
      "fn_rate": 0.44119157678479715
    }
  },
  "extras": {
    "roc_auc_advanced": 0.5639747780252062
  }
}
