{
  "model_name": "Perceptron",
  "display_name": "Perceptron",
  "model_config": {
    "max_iter": 1000,
    "tol": 0.001,
    "random_state": 42
  },
  "n_train": 14578,
  "n_test": 3645,
  "random_state": 42,
  "datasets": {
    "Baseline": {
      "accuracy": 0.549519890260631,
      "f1": 0.5726184279021344,
      "confusion_matrix": {
        "tn": 903,
        "fp": 795,
        "fn": 847,
        "tp": 1100
      },
      "fp_rate": 0.46819787985865724,
      "fn_rate": 0.4350282485875706
    },
    "Advanced": {
      "accuracy": 0.5456790123456791,
      "f1": 0.5696465696465697,
      "confusion_matrix": {
        "tn": 893,
        "fp": 805,
        "fn": 851,
        "tp": 1096
      },
      "fp_rate": 0.4740871613663133,
      "fn_rate": 0.43708269131997946
    }
  },
  "extras": {}
}
