{
  "model_name": "MLP (128,64)",
  "display_name": "MLP (128, 64) + early stopping",
  "model_config": {
    "hidden_layer_sizes": [
      128,
      64
    ],
    "max_iter": 300,
    "early_stopping": true,
    "validation_fraction": 0.15,
    "n_iter_no_change": 10,
    "verbose": true,
    "random_state": 42
  },
  "n_train": 14578,
  "n_test": 3645,
  "random_state": 42,
  "datasets": {
    "Baseline": {
      "accuracy": 0.5972565157750342,
      "f1": 0.666817975487971,
      "confusion_matrix": {
        "tn": 708,
        "fp": 990,
        "fn": 478,
        "tp": 1469
      },
      "fp_rate": 0.5830388692579506,
      "fn_rate": 0.24550590652285567
    },
    "Advanced": {
      "accuracy": 0.6065843621399177,
      "f1": 0.6476658476658477,
      "confusion_matrix": {
        "tn": 893,
        "fp": 805,
        "fn": 629,
        "tp": 1318
      },
      "fp_rate": 0.4740871613663133,
      "fn_rate": 0.32306111967128914
    }
  },
  "extras": {
    "early_stopping_diagnostics": {
      "epochs_total": 16,
      "best_validation_epoch": 5,
      "best_validation_accuracy": 0.6117969821673526,
      "training_loss_at_best": 0.594382626168704,
      "training_loss_at_final": 0.36208772954538204,
      "validation_fraction": 0.15,
      "n_iter_no_change": 10,
      "loss_curve_plot": "loss_curve.png"
    },
    "overfitted_prior_run": {
      "epochs": 64,
      "final_loss": 0.0087,
      "advanced_acc": 0.5816,
      "advanced_f1": 0.6107
    },
    "roc_auc_advanced": 0.6465345192960932
  }
}
