{
  "model_name": "MLP (128,64)",
  "display_name": "MLP (128, 64) + early stopping",
  "model_config": {
    "hidden_layer_sizes": [
      128,
      64
    ],
    "max_iter": 300,
    "early_stopping": true,
    "validation_fraction": 0.15,
    "n_iter_no_change": 10,
    "verbose": true,
    "random_state": 42
  },
  "n_train": 14578,
  "n_test": 3645,
  "random_state": 42,
  "datasets": {
    "Baseline": {
      "accuracy": 0.5972565157750342,
      "f1": 0.666817975487971,
      "confusion_matrix": {
        "tn": 708,
        "fp": 990,
        "fn": 478,
        "tp": 1469
      },
      "fp_rate": 0.5830388692579506,
      "fn_rate": 0.24550590652285567
    },
    "Advanced": {
      "accuracy": 0.6126200274348422,
      "f1": 0.6631679389312977,
      "confusion_matrix": {
        "tn": 843,
        "fp": 855,
        "fn": 557,
        "tp": 1390
      },
      "fp_rate": 0.5035335689045937,
      "fn_rate": 0.28608115048793015
    }
  },
  "extras": {
    "early_stopping_diagnostics": {
      "epochs_total": 18,
      "best_validation_epoch": 7,
      "best_validation_accuracy": 0.6209419295839049,
      "training_loss_at_best": 0.5861076300783783,
      "training_loss_at_final": 0.3356865556035417,
      "validation_fraction": 0.15,
      "n_iter_no_change": 10,
      "loss_curve_plot": "loss_curve.png"
    },
    "roc_auc_advanced": 0.6508016016909831
  }
}
