{
  "model_name": "LogisticRegression",
  "display_name": "Logistic Regression",
  "model_config": {
    "solver": "liblinear",
    "C": 1.0,
    "max_iter": 5000,
    "random_state": 42
  },
  "n_train": 14578,
  "n_test": 3645,
  "random_state": 42,
  "datasets": {
    "Baseline": {
      "accuracy": 0.6005486968449931,
      "f1": 0.645224171539961,
      "confusion_matrix": {
        "tn": 865,
        "fp": 833,
        "fn": 623,
        "tp": 1324
      },
      "fp_rate": 0.4905771495877503,
      "fn_rate": 0.31997945557267593
    },
    "Advanced": {
      "accuracy": 0.6010973936899863,
      "f1": 0.6404549950544016,
      "confusion_matrix": {
        "tn": 896,
        "fp": 802,
        "fn": 652,
        "tp": 1295
      },
      "fp_rate": 0.4723203769140165,
      "fn_rate": 0.33487416538264
    }
  },
  "extras": {
    "roc_auc_advanced": 0.6490605280208204
  }
}
