{
  "model_name": "AdaBoost",
  "display_name": "AdaBoost (n=100)",
  "model_config": {
    "n_estimators": 100,
    "random_state": 42
  },
  "n_train": 14578,
  "n_test": 3645,
  "random_state": 42,
  "datasets": {
    "Baseline": {
      "accuracy": 0.5947873799725651,
      "f1": 0.6620910546785632,
      "confusion_matrix": {
        "tn": 721,
        "fp": 977,
        "fn": 500,
        "tp": 1447
      },
      "fp_rate": 0.5753828032979976,
      "fn_rate": 0.25680534155110424
    },
    "Advanced": {
      "accuracy": 0.5967078189300411,
      "f1": 0.6518237801989578,
      "confusion_matrix": {
        "tn": 799,
        "fp": 899,
        "fn": 571,
        "tp": 1376
      },
      "fp_rate": 0.5294464075382803,
      "fn_rate": 0.29327170005136105
    }
  },
  "extras": {
    "roc_auc_advanced": 0.6303467083846793
  }
}
